DigiPen Institute of Technology,https://www.digipen.edu/
Colorado State University,https://www.colostate.edu/
Brigham Young University,https://www.byu.edu/
University of Connecticut,https://uconn.edu/
University of Florida,http://www.ufl.edu/
Santa Clara University,https://www.scu.edu/
University of Colorado at Boulder,https://www.colorado.edu/
North Carolina State University,https://www.ncsu.edu/
Boston University,https://www.bu.edu/
University of Minnesota at Twin Cities,https://twin-cities.umn.edu/
University of California at Santa Barbara,https://www.ucsb.edu/
Ohio State University,https://www.osu.edu/
University of Washington,https://www.washington.edu/
University of California at Davis,https://www.ucdavis.edu/
Rochester Institute of Technology,https://www.rit.edu/
Worcester Polytechnic Institute,https://www.wpi.edu/
University of Maryland at College Park,https://www.umd.edu/
New York University,https://www.nyu.edu/
California Polytechnic State University,https://www.calpoly.edu/
Northeastern University,https://www.northeastern.edu/
University of Southern California,https://www.usc.edu/
University of Wisconsin at Madison,https://www.wisc.edu/
University of California at San Diego,https://ucsd.edu/
University of Texas at Austin,https://www.utexas.edu/
Virginia Tech,https://vt.edu/
University of California at Los Angeles,http://www.ucla.edu/
Vanderbilt University,https://www.vanderbilt.edu/
Purdue University,https://www.purdue.edu/
University of Illinois at Urbana-Champaign,https://illinois.edu/
Northwestern University,/url?sa=f&rct=j&url=https://www.northwestern.edu/
Rice University,https://www.rice.edu/
Harvey Mudd College,https://www.hmc.edu/
University of Pennsylvania,https://www.upenn.edu/
Yale University,https://www.yale.edu/
Columbia University,https://www.columbia.edu/
Johns Hopkins University,https://www.jhu.edu/
Rensselaer Polytechnic Institute,/url?sa=f&rct=j&url=https://www.rpi.edu/
University of Michigan at Ann Arbor,https://umich.edu/
Duke University,https://www.duke.edu/
Harvard University,https://www.harvard.edu/
Cornell University,https://www.cornell.edu/
Princeton University,https://www.princeton.edu/
University of California at Berkeley,https://www.berkeley.edu/
Carnegie Mellon University,https://www.cmu.edu/
Stanford University,https://www.stanford.edu/
California Institute of Technology,http://www.caltech.edu/
Massachusetts Institute of Technology,http://www.mit.edu/
